Date,Description,Amount,Category
01-03-2024,Auto Fare,40,Transport
02-03-2024,"Shampoo, Shop",82.27,Groceries
03-03-2024,Snacks,50,Food & Dining
04-03-2024,Groceries item,251.87,Groceries
04-03-2024,Notebook,60,Utilities
05-03-2024,Pen,20,Utilities
06-03-2024,Mobile Recharge,200,Utilities
08-03-2024,Xerox and print,30,Utilities
09-03-2024,Clothes,261.84,Shopping
10-03-2024,Auto Fare,90,Transport
13-03-2024,Haircut,173.32,Personal Care
15-03-2024,Tea/Coffee,30,Food & Dining
16-03-2024,Groceries item,47.14,Groceries
17-03-2024,"Shampoo, Shop",195.08,Groceries
19-03-2024,Street Food,110,Food & Dining
20-03-2024,Clothes,282.37,Shopping
21-03-2024,Movie Ticket,228.37,Entertainment
22-03-2024,Notebook,154,Utilities
23-03-2024,Mobile Recharge,271.39,Utilities
24-03-2024,Street Food,120,Food & Dining
25-03-2024,Shoes,93.96,Shopping
26-03-2024,Cafe,280,Food & Dining
28-03-2024,Movie Rent,39.47,Entertainment
29-03-2024,Salon,117.11,Personal Care
30-03-2024,Groceries item,250.84,Groceries
31-03-2024,Salon,33.06,Personal Care
02-04-2024,Auto Fare,70,Transport
03-04-2024,Notebook,100,Utilities
04-04-2024,Pen,20,Utilities
05-04-2024,Conditioner,272.62,Groceries
06-04-2024,Accessories,150,Shopping
07-04-2024,Razor,45.4,Shopping
08-04-2024,Restaurant Dinner,297.23,Food & Dining
09-04-2024,Clothes,266.03,Shopping
12-04-2024,Game Arcade,149.58,Entertainment
13-04-2024,Salon,50,Personal Care
15-04-2024,Mobile Recharge,131.31,Utilities
17-04-2024,Notebook,43.48,Utilities
18-04-2024,Haircut,81.61,Personal Care
19-04-2024,Groceries item,222.63,Groceries
20-04-2024,Snacks,50,Food & Dining
22-04-2024,Street Food,147.19,Food & Dining
23-04-2024,Movie Ticket,179.35,Entertainment
23-04-2024,Mobile Recharge,62.31,Utilities
25-04-2024,Bus Fare,25.96,Transport
26-04-2024,Tea/Coffee,40,Food & Dining
28-04-2024,Bus Fare,140.35,Transport
29-04-2024,Accessories,188.66,Shopping
30-04-2024,Groceries item,85.82,Groceries
01-05-2024,Groceries item,190.13,Groceries
02-05-2024,Restaurant Dinner,255.1,Food & Dining
03-05-2024,Gym Membership,264.05,Personal Care
04-05-2024,Game Arcade,91.42,Entertainment
05-05-2024,Accessories,66.57,Shopping
07-05-2024,Auto Fare,50,Transport
08-05-2024,Street Food,100,Food & Dining
10-05-2024,Shoes,255.04,Shopping
11-05-2024,Salon,117.96,Personal Care
13-05-2024,"Shampoo, Shop",91.67,Groceries
14-05-2024,Movie Ticket,178.06,Entertainment
15-05-2024,Game Arcade,232.85,Entertainment
16-05-2024,Gym Membership,183.15,Personal Care
18-05-2024,Clothes,187.56,Shopping
20-05-2024,Auto Fare,30,Transport
21-05-2024,Xerox and print,70,Utilities
23-05-2024,"Shampoo, Shop",143.65,Groceries
25-05-2024,Shoes,55.97,Shopping
28-05-2024,Snacks,299.08,Food & Dining
29-05-2024,Mobile Recharge,207.36,Utilities
29-05-2024,Groceries item,39.89,Groceries
30-05-2024,Auto Fare,138.48,Transport
31-05-2024,"Shampoo, Shop",54.71,Groceries
01-06-2024,Groceries item,250.05,Groceries
01-06-2024,Xerox and print,152.17,Utilities
04-06-2024,Street Food,74.99,Food & Dining
05-06-2024,Pastry,40,Food & Dining
06-06-2024,"Shampoo, Shop",50,Groceries
09-06-2024,Groceries item,22.99,Groceries
10-06-2024,Necklace,131.4,Shopping
11-06-2024,Street Food,94.18,Food & Dining
12-06-2024,Snacks,45.07,Food & Dining
14-06-2024,Clothes,230.25,Shopping
15-06-2024,Movie Ticket,266.78,Entertainment
17-06-2024,Auto Fare,159.56,Transport
18-06-2024,Xerox and print,40,Utilities
19-06-2024,Tea/Coffee,30,Food & Dining
19-06-2024,Groceries item,272.7,Groceries
20-06-2024,Salon,60,Personal Care
22-06-2024,Accessories,132.18,Shopping
24-06-2024,Gym Membership,281.54,Personal Care
26-06-2024,Tea/Coffee,80,Food & Dining
26-06-2024,Pen,20,Utilities
28-06-2024,Street Food,180,Food & Dining
29-06-2024,Groceries item,158.63,Groceries
30-06-2024,Clothes,176.61,Shopping
01-07-2024,Notebook,80,Utilities
02-07-2024,Restaurant meal,275.88,Food & Dining
03-07-2024,Snacks,123.97,Food & Dining
04-07-2024,Movie ticket,142,Entertainment
04-07-2024,Salon visit,200.63,Personal Care
05-07-2024,Snacks & beverages,150,Groceries
07-07-2024,Eyebrow,50,Personal Care
08-07-2024,Pen purchase,20,Utilities
08-07-2024,Street food,40,Food & Dining
10-07-2024,Milk & dairy,90,Groceries
10-07-2024,Cab ride,174.54,Transport
12-07-2024,Tea/Coffee,15,Food & Dining
12-07-2024,Ice Cream,30,Food & Dining
13-07-2024,Milk & dairy,25,Groceries
16-07-2024,Street food,80,Food & Dining
18-07-2024,Street food,50,Utilities
20-07-2024,Streaming service,180,Entertainment
21-07-2024,Fast food,107.43,Food & Dining
24-07-2024,Auto Fare,100,Transport
25-07-2024,Pen purchase,10,Utilities
26-07-2024,Movie ticket,222.88,Entertainment
29-07-2024,Fast food,308.3,Food & Dining
01-08-2024,Game Arcade,181.91,Entertainment
02-08-2024,"Shampoo, Shop",170.97,Groceries
03-08-2024,Mobile Recharge,252.6,Utilities
04-08-2024,Snacks,50,Food & Dining
06-08-2024,Gym Membership,152.37,Personal Care
07-08-2024,Bus Fare,94.32,Transport
08-08-2024,Jeans,1300,Shopping
10-08-2024,Auto Fare,80,Transport
11-08-2024,Notebook,80,Utilities
12-08-2024,Restaurant Dinner,176.15,Food & Dining
13-08-2024,Salon,120,Personal Care
16-08-2024,Street Food,90,Food & Dining
17-08-2024,Bus Fare,59.79,Transport
18-08-2024,Accessories,127.37,Shopping
19-08-2024,Street Food,162.29,Food & Dining
20-08-2024,Movie Ticket,219.58,Entertainment
21-08-2024,Clothes,202.7,Shopping
22-08-2024,Auto Fare,253.97,Transport
23-08-2024,Groceries item,195.38,Groceries
25-08-2024,Xerox and print,50,Utilities
26-08-2024,Bus Fare,34.6,Transport
27-08-2024,Groceries item,263.8,Groceries
29-08-2024,Ice Cream,30.28,Food & Dining
30-08-2024,Tea/Coffee,20,Food & Dining
31-08-2024,Mobile Recharge,138.65,Utilities
01-09-2024,Street Food,160.8,Food & Dining
03-09-2024,Pen,20,Utilities
04-09-2024,Notebook,39.37,Utilities
06-09-2024,Xerox and print,40,Utilities
07-09-2024,Swimming ,213.09,Entertainment
08-09-2024,"Shampoo, Shop",177.76,Groceries
09-09-2024,Bus Fare,31.24,Transport
10-09-2024,Notebook,199.3,Utilities
12-09-2024,Street Food,70,Food & Dining
13-09-2024,Street Food,50,Food & Dining
15-09-2024,Street Food,35,Food & Dining
16-09-2024,Game Arcade,109.49,Entertainment
17-09-2024,Groceries item,102.46,Groceries
18-09-2024,Haircut,189.97,Personal Care
19-09-2024,Auto Fare,64.11,Transport
21-09-2024,Clothes,46.05,Shopping
22-09-2024,Restaurant Dinner,180.17,Food & Dining
23-09-2024,Street Food,80,Food & Dining
23-09-2024,Gym Membership,227.11,Personal Care
24-09-2024,Clothes,285.95,Shopping
25-09-2024,Movie Ticket,182.89,Entertainment
26-09-2024,Mobile Recharge,252.27,Utilities
27-09-2024,Restaurant Dinner,64.26,Food & Dining
28-09-2024,Bus Fare,30.26,Transport
29-09-2024,Restaurant Dinner,49.96,Food & Dining
30-09-2024,Snacks,84.64,Food & Dining
02-10-2024,Salon,60,Personal Care
03-10-2024,Notebook,40,Utilities
04-10-2024,Game Arcade,110.71,Entertainment
05-10-2024,Street Food,103.78,Food & Dining
05-10-2024,Game Arcade,126,Entertainment
06-10-2024,Mobile Recharge,125.95,Utilities
08-10-2024,Street Food,120,Food & Dining
09-10-2024,"Shampoo, Shop",137.18,Groceries
10-10-2024,Restaurant Dinner,137.87,Food & Dining
10-10-2024,Snacks,109.01,Food & Dining
13-10-2024,Food,43.79,Food & Dining
14-10-2024,Clothes,276.31,Shopping
15-10-2024,Xerox and print,45,Utilities
17-10-2024,Haircut,273.02,Personal Care
18-10-2024,Accessories,187.28,Shopping
19-10-2024,"Shampoo, Shop",164.78,Groceries
21-10-2024,Street Food,72.37,Food & Dining
22-10-2024,Street Food,60,Food & Dining
22-10-2024,Groceries item,50,Groceries
25-10-2024,Cafe,215.57,Food & Dining
26-10-2024,Bus Fare,174.35,Transport
27-10-2024,Swimming ,110.75,Entertainment
28-10-2024,Clothes,51.66,Food & Dining
28-10-2024,Groceries item,20.34,Groceries
31-10-2024,Groceries item,41.89,Food & Dining
01-11-2024,Street food,90,Food & Dining
01-11-2024,Bus fare,30,Transport
03-11-2024,Concert,350,Entertainment
04-11-2024,Printing,20,Utilities
04-11-2024,Milk & dairy,40,Groceries
06-11-2024,Street food,110,Food & Dining
07-11-2024,Bus fare,50,Transport
08-11-2024,Groceries item,150,Groceries
09-11-2024,Salon visit,358.97,Personal Care
10-11-2024,Movie ticket,350,Entertainment
10-11-2024,Notebook,80,Utilities
11-11-2024,Snacks,100,Food & Dining
12-11-2024,Cafe visit,159.37,Food & Dining
12-11-2024,Restaurant meal,264.14,Food & Dining
16-11-2024,Skincare products,261.26,Personal Care
18-11-2024,Auto Fare,108.47,Transport
19-11-2024,Milk & dairy,120,Groceries
21-11-2024,Street food,140.33,Food & Dining
23-11-2024,Exam sheets,80,Utilities
27-11-2024,Fast food,130.98,Food & Dining
27-11-2024,Shopping,350,Shopping
30-11-2024,Street food,100,Food & Dining
01-12-2024,Cycle rent,70.62,Transport
03-12-2024,Notebook,40,Utilities
03-12-2024,Movie ticket,189.89,Entertainment
05-12-2024,Printing,80,Utilities
05-12-2024,Streaming service,159.31,Entertainment
06-12-2024,Milk & dairy,20,Groceries
08-12-2024,Street food,90,Food & Dining
12-12-2024,Pastry,51.32,Food & Dining
14-12-2024,Haircut,150.63,Personal Care
15-12-2024,Snacks,54.39,Food & Dining
17-12-2024,Movie ticket,63.51,Entertainment
17-12-2024,Bus fare,219.21,Transport
17-12-2024,Milk & dairy,394.54,Groceries
19-12-2024,Snacks & beverages,181.57,Groceries
20-12-2024,Deodorant,90.75,Personal Care
21-12-2024,Restaurant meal,344.32,Food & Dining
23-12-2024,Printing,30,Utilities
25-12-2024,Face cream,85.02,Personal Care
27-12-2024,Street food,100,Food & Dining
28-12-2024,Fast food,30,Food & Dining
29-12-2024,Deodorant,135.51,Personal Care
01-01-2025,Notebook,80,Utilities
02-01-2025,Restaurant meal,275.88,Food & Dining
03-01-2025,Snacks,123.97,Food & Dining
04-01-2025,Movie ticket,142,Entertainment
04-01-2025,Salon visit,200.63,Personal Care
05-01-2025,Snacks & beverages,150,Groceries
07-01-2025,Eyebrow,50,Personal Care
08-01-2025,Pen purchase,20,Utilities
08-01-2025,Street food,40,Food & Dining
10-01-2025,Milk & dairy,90,Groceries
10-01-2025,Cab ride,174.54,Transport
12-01-2025,Tea/Coffee,15,Food & Dining
12-01-2025,Ice Cream,30,Food & Dining
13-01-2025,Milk & dairy,25,Groceries
16-01-2025,Street food,80,Food & Dining
18-01-2025,Street food,50,Utilities
20-01-2025,Streaming service,180,Entertainment
21-01-2025,Fast food,107.43,Food & Dining
24-01-2025,Auto Fare,100,Transport
25-01-2025,Pen purchase,10,Utilities
26-01-2025,Movie ticket,222.88,Entertainment
29-01-2025,Fast food,308.3,Food & Dining
01-02-2025,Street Food,80,Food & Dining
02-02-2025,Restaurant Dinner,250,Food & Dining
03-02-2025,Auto Fare,50,Transport
04-02-2025,Snacks,60,Food & Dining
05-02-2025,"Shampoo, Shop",300,Groceries
06-02-2025,Street Food,100,Food & Dining
07-02-2025,Movie Ticket,200,Entertainment
08-02-2025,Street Food,90,Food & Dining
10-02-2025,Mobile Recharge,199,Utilities
11-02-2025,Snacks,60,Food & Dining
12-02-2025,Notebook,60,Utilities
13-02-2025,Haircut,450,Personal Care
14-02-2025,Auto Fare,50,Transport
15-02-2025,Street Food,80,Food & Dining
16-02-2025,Snacks,60,Food & Dining
17-02-2025,Tea/Coffee,30,Food & Dining
18-02-2025,Street Food,90,Food & Dining
19-02-2025,Game Arcade,150,Entertainment
20-02-2025,Restaurant Dinner,250,Food & Dining
21-02-2025,Auto Fare,50,Transport
22-02-2025,Street Food,100,Food & Dining
23-02-2025,Groceries item,150,Groceries
26-02-2025,Shopping,300,Shopping
27-02-2025,Xerox and print,15,Utilities
28-02-2025,pen,20,Utilities
