Date,Description,Amount,Category,Anomaly
2024-11-01,Street food,90.0,Food & Dining,1
2024-11-01,Bus fare,30.0,Transport,1
2024-11-03,Concert,350.0,Entertainment,1
2024-11-04,Printing,20.0,Utilities,1
2024-11-04,Milk & dairy,40.0,Groceries,1
2024-11-06,Street food,110.0,Food & Dining,1
2024-11-07,Bus fare,50.0,Transport,1
2024-11-08,Groceries item,150.0,Groceries,1
2024-11-09,Salon visit,358.97,Personal Care,-1
2024-11-10,Movie ticket,350.0,Entertainment,1
2024-11-10,Notebook,80.0,Utilities,1
2024-11-11,Snacks,100.0,Food & Dining,1
2024-11-12,Cafe visit,159.37,Food & Dining,1
2024-11-12,Restaurant meal,264.14,Food & Dining,1
2024-11-16,Skincare products,261.26,Personal Care,1
2024-11-18,Auto Fare,108.47,Transport,1
2024-11-19,Milk & dairy,120.0,Groceries,1
2024-11-21,Street food,140.33,Food & Dining,1
2024-11-23,Exam sheets,80.0,Utilities,1
2024-11-27,Fast food,130.98,Food & Dining,1
2024-11-27,Shopping,350.0,Shopping,1
2024-11-30,Street food,100.0,Food & Dining,1
2024-12-01,Cycle rent,70.62,Transport,1
2024-12-03,Notebook,40.0,Utilities,1
2024-12-03,Movie ticket,189.89,Entertainment,1
2024-12-05,Printing,80.0,Utilities,1
2024-12-05,Streaming service,159.31,Entertainment,1
2024-12-06,Milk & dairy,20.0,Groceries,1
2024-12-08,Street food,90.0,Food & Dining,1
2024-12-12,Pastry,51.32,Food & Dining,1
2024-12-14,Haircut,150.63,Personal Care,1
2024-12-15,Snacks,54.39,Food & Dining,1
2024-12-17,Movie ticket,63.51,Entertainment,1
2024-12-17,Bus fare,219.21,Transport,1
2024-12-17,Milk & dairy,394.54,Groceries,-1
2024-12-19,Snacks & beverages,181.57,Groceries,1
2024-12-20,Deodorant,90.75,Personal Care,1
2024-12-21,Restaurant meal,344.32,Food & Dining,1
2024-12-23,Printing,30.0,Utilities,1
2024-12-25,Face cream,85.02,Personal Care,1
2024-12-27,Street food,100.0,Food & Dining,1
2024-12-28,Fast food,30.0,Food & Dining,1
2024-12-29,Deodorant,135.51,Personal Care,1
2025-01-01,Notebook,80.0,Utilities,1
2025-01-02,Restaurant meal,275.88,Food & Dining,1
2025-01-03,Snacks,123.97,Food & Dining,1
2025-01-04,Movie ticket,142.0,Entertainment,1
2025-01-04,Salon visit,200.63,Personal Care,1
2025-01-05,Snacks & beverages,150.0,Groceries,1
2025-01-07,Eyebrow,50.0,Personal Care,1
2025-01-08,Pen purchase,20.0,Utilities,1
2025-01-08,Street food,40.0,Food & Dining,1
2025-01-10,Milk & dairy,90.0,Groceries,1
2025-01-10,Cab ride,174.54,Transport,1
2025-01-12,Tea/Coffee,15.0,Food & Dining,1
2025-01-12,Ice Cream,30.0,Food & Dining,1
2025-01-13,Milk & dairy,25.0,Groceries,1
2025-01-16,Street food,80.0,Food & Dining,1
2025-01-18,Street food,50.0,Utilities,1
2025-01-20,Streaming service,180.0,Entertainment,1
2025-01-21,Fast food,107.43,Food & Dining,1
2025-01-24,Auto Fare,100.0,Transport,1
2025-01-25,Pen purchase,10.0,Utilities,-1
2025-01-26,Movie ticket,222.88,Entertainment,1
2025-01-29,Fast food,308.3,Food & Dining,-1
2025-02-01,Street Food,80.0,Food & Dining,1
2025-02-02,Restaurant Dinner,250.0,Food & Dining,1
2025-02-03,Auto Fare,50.0,Transport,1
2025-02-04,Snacks,60.0,Food & Dining,1
2025-02-05,"Shampoo, Shop",300.0,Groceries,1
2025-02-06,Street Food,100.0,Food & Dining,1
2025-02-07,Movie Ticket,200.0,Entertainment,1
2025-02-08,Street Food,90.0,Food & Dining,1
2025-02-10,Mobile Recharge,199.0,Utilities,1
2025-02-11,Snacks,60.0,Food & Dining,1
2025-02-12,Notebook,60.0,Utilities,1
2025-02-13,Haircut,450.0,Personal Care,-1
2025-02-14,Auto Fare,50.0,Transport,1
2025-02-15,Street Food,80.0,Food & Dining,1
2025-02-16,Snacks,60.0,Food & Dining,1
2025-02-17,Tea/Coffee,30.0,Food & Dining,1
2025-02-18,Street Food,90.0,Food & Dining,1
2025-02-19,Game Arcade,150.0,Entertainment,1
2025-02-20,Restaurant Dinner,250.0,Food & Dining,1
2025-02-21,Auto Fare,50.0,Transport,1
2025-02-22,Street Food,100.0,Food & Dining,1
2025-02-23,Groceries item,150.0,Groceries,1
2025-02-26,Shopping,300.0,Shopping,1
2025-02-27,Xerox and print,15.0,Utilities,1
2025-02-28,pen,20.0,Utilities,1
